id,name,industry,website_url,linkedin_url,facebook_url,twitter_url,raw_address,short_description,estimated_num_employees,annual_revenue,domain
5e56471e942f6500012511e2,A&A Towers,commercial real estate,http://www.aandatowers.com,http://www.linkedin.com/company/aandatowers,,,"Victoria Island, Lagos","A&A Towers is a new luxury residential development situated in the Ocean Front District of the Eko Atlantic. It is located at the center of the city, which affords easy accessibility to various parts of Eko Atlantic. The A&A Towers offers modern, airy homes with cafés, restaurants, and leisure facilities.\\A&A Towers designed by the renowned Turkish architect Atilla Ilhan; is an exciting development by Arkland Properties & Investment Co. Ltd. A & A tower will be a structure that is environmentally responsible and resource efficient throughout its life-cycle. From the design, construction, operation, maintenance, and renovation, it will have a positive effect on the environment and its residents.\\A&A Towers will feature 98 units comprising 3 bedroom and 2 bedroom apartments, with interiors that showcase very high-level furnishings. It also includes high-quality office spaces and well designed retail spaces with mezzanine floors. With its impressive facade, stunning architecture, attractive landscape, and incredible views, this is a truly special place to call home.\\A&A Towers Offers\\• State of the art Infrastructure\• Central service systems\• Independent water treatment plant\• State of the art communications\• Electrical Independence\• Dedicated sewage treatment plant",0,,aandatowers.com
556cf894736964124b636400,A&A,computer software,http://www.aanda.co.jp,http://www.linkedin.com/company/a&a,,,,"Software company for architectural designers, industrial designers, landscape designers, entertainment designers and other all designers. Our main product is Vectorworks developed by Nemetschek Vectorworks, Inc. in United States. A&A is an exclusive Japanese distributor of Vectorworks.",250,,aanda.co.jp
56dd6490f3e5bb1ad9004043,a,facilities services,http://www.avanzaservice.cl,http://www.linkedin.com/company/avanza-service,,,"Almaden Expy, San José, California, CL",,0,,avanzaservice.cl
54a1b6ac7468695c8253160a,A&A Optical,apparel & fashion,http://www.aaopticalco.com,http://www.linkedin.com/company/a&a-optical,https://www.facebook.com/AAOptical/,https://www.twitter.com/aaopticalco,"3215 Skylane Drive, Suite 100, Carrollton, TX 75006, US","A&A Optical offers the ultimate selection of premium eyewear. Each eyewear piece is masterfully created with a focus on lifestyle, fit and quality. From unique looks to European inspired designs, A&A delivers innovative products and exceptional customer service to meet the growing demands of the optical dispensary and retailer. Marketed to Optometrists, Ophthalmologists and eye care retailers throughout the United States, Canada, Latin America, and the Caribbean. A&A Optical was founded in 1971.",44,25000000.0,aaopticalco.com
56d8b0a2f3e5bb26db001de9,A,accounting,http://www.awdconsultores.com.br,http://www.linkedin.com/company/awd-consultores,,,"Anacapa Terrace, Sunnyvale, Califórnia 94085, BR",A,2,,awdconsultores.com.br
54a1c178746869586025500e,A&A Distributors,apparel & fashion,http://www.anadistributors.com,http://www.linkedin.com/company/a&a-distributors,,,"Tumble Brush St, Parker, CO 80134, US","A&A Distributors are the wholesale supplier of garments from our various partner Units across the world and import into USA. We work on any incoterms as per customer's requirement and offer ODM & OEM services for our products. \\We Offer the following products\\Suits, Jackets, Overcoats, Pants\Pants (Dress & casual)\Denim Products\Ladies Partywears, Evening dresses\\Partner Units\Suits, Jackets, Overcoats (Total 3 units, 1 in Bulgaria & 2 in china).\\Trousers (Total 5 Units, - 1 in India and 3 in China and 1 in Bulgaria)\\Denim (Total 2 units - 1 in India and 1in china)\\Fabrics (Wool, Wool blends, Poly viscose) (Total 2 units in India).\\Ladies party wears, Evening Dresses, cocktail dresses (Total 1 unit in china).\\We carry over 100's of styles for Men's suits and 1000's of fabrics to choose from with various fabric combinations \\We offer samples for all our products before go for bulk production. \\We do drop shipping of the following products\Suits, Jackets  - Made to Measure (Shipped from our Bulgaria unit)\Ladies partywears, evening dresses (Shipped from our partner china units).",7,,anadistributors.com
59bba58fa6da98f95d16f7ba,A & A,cosmetics,http://www.aahairboutique.com,,,,"1108 Main St, Wakefield, MA 01880",,0,,aahairboutique.com
5c236c5cf65125e356459c89,A&A Staffing,staffing and recruiting,http://www.aastaffing.co.uk,http://www.linkedin.com/company/aastaffing,,,"London, London, Engalnd RM10, GB",A&A Staffing  is an recruitment agency that provided staff to Construction Industry.  ,8,,aastaffing.co.uk
5e563e3b942f65000124dd41,A & A Agency,marketing and advertising,http://www.aa-agency.co,http://www.linkedin.com/company/aanda-agency,,,"Irvine, CA 92618, US","Building a website and narrating your company's story can be complex and exhausting, but it doesn't have to be. A&A aims to provide easy web solutions and meaningful company narrative as a bundled package - all the perks, minus the the heavy budget. \\With a homebase in Irvine, CA and coverage in NY, Jakarta and Singapore, A&A brings a global outlook to web design and curated content with a service range including web design templates,brand identity, company narrative, thought leadership and blog posts. \\We may not have any awards or monuments dedicated to us (yet), but we do take immense pride in our work.",1,,aa-agency.co
5569510473696425b8610300,A&A Executives,staffing and recruiting,http://www.aandaexecutives.com,http://www.linkedin.com/company/a&a-executives,,,,"Executive Search identifies potential candidates for a senior-level position within an organization. Posting vacancies on job boards or running ads are outdated recruiting methods when it comes to recruiting for high-level executives. The project is typically carried out by a consultant or executive recruiting firm specifically authorized to do so by the hiring firm. Professional executive search firms often possess the industry connections and expertise that enable them to reach out to many potential candidates.\We invest on the key areas of a successful search. We identify outstanding candidates; we do not concentrate on someone or candidates who are outstanding in their field and not actively looking for another position. We do not consider disappointed people who are unemployed in the end. In our executive search, we evaluate candidates to promise positive matches; we place candidates with a professional expertise and a personal ability to fit into the culture of an organization. Therefore, our team assesses that ""fit"", and offer candidates who are able to do an excellent job at all levels. Meanwhile, our consultants' team guarantees you to invest your time on top-tier candidates who genuinely wants the position, and the success of your company is the first and serious target for them. Therefore, you can find the right candidates and also maximizes your time.",0,,aandaexecutives.com
59bba23fa6da9831407be42a,A A A Drapery,consumer services,http://www.aaadraperyco.com,,,,"15243 Hardin St, San Leandro, CA 94579",,0,,aaadraperyco.com
5e5699f05749890001ad3854,A&A Communications,telecommunications,http://www.aandacommunications.com,http://www.linkedin.com/company/aandacommunications,,,"Gurgaon, Haryana 122001, IN","1. Racks : Manufacturer of Telecom Racks as ETSI / Transmission / Server racks & as per customer specifications.  \\2. Enclosures : We have ability to make customize enclosures like DP Boxes / Pillars/SP/Street cabinets/Termination Boxes. We can manufacturing all types of Metal Boxes which can be used Telecom and any other Industries. We never compromise with quality, so we used always TATA/SAIL/JINDAL CRC sheets for making all enclosures & IP Rating up to 68, world class powder coating of minimum 90 microns, and classy fabrication by the expert engineers.\\3. FTTH/FTTX : Supply of today's need of everyone  Fiber products like Splitter Box 1:2 to 1:64 capacity. / LIU Box for the capacity of 1:64 capacity / FMS with 288F capacity /ODF of 96F, 144F, 288F / Splitters / Patch Cords, Splice Trays, ONT / ONT/ONU Boxes /Telecom MDF\\4. Electical Panel : LT/HT  PIU / Cable Tray / Ladders / Earthing Solutions / DCDB \\5. Solar : Solar Complete Solution \\6. CCTV : Complete Solutions with all type of Camera and DVR.\\7. Refurbished Laptops And Desktops : We are leading providers of Refurbished Laptops And Desktops which includes Refurbished Laptops & Desktops like Apple iPads, Macbooks, HP, Dell & Lenovo with customer specified configuration\Call : A&A Communications, Gurgaon at 9310982810 Write us : mayihelp@aandacommunications.com ",15,,aandacommunications.com
5e5b8142e5492b00015f7c9f,A&A Material,railroad manufacture,http://www.aa-material.co.jp,,,,"Tsurumi, Kanagawa, Japan",A&A Material is a construction materials manufacturer company.,0,,aa-material.co.jp
54a12a9069702d9b8bc12b02,A&A Consultants,staffing and recruiting,http://www.aconsultant.ca,http://www.linkedin.com/company/a&a-consultants,https://www.facebook.com/aaconsultants,https://twitter.com/greatjobsnow,"3020 boul rome, brossard, qc j4y0v9, CA","A&A Consultants? \Pourquoi devriez-vous faire confiance à A&A Consultants pour votre prochaine recherche de candidats? \Tout simplement parce que nous vous enverrons seulement les meilleurs et que vous ne perdrez pas votre temps à chercher ailleurs!\Candidats :\Vous vous distinguez de vos pairs par une éthique de travail irréprochable? \Vous faites partie de la tranche des 20 % les plus performants de votre industrie? Vous souhaitez confier la recherche de votre prochain poste à une agence de chasseurs de têtes qui, comme vous, se distingue de ses concurrents? \\\Voici un échantillon des postes actuellement disponibles:\\\DIRECTEUR DE COMPTES SENIOR (TECHNOLOGIE)\\\DIRECTEURS DE COMPTES (INDUSTRIEL)\\REPRESENTANT DES VENTE REFRIGÉRATION ( LAVAL)\\DIRECTEURS DE COMPTES TELECOM ( MONTREAL) \\REPRÉSENTANT DES VENTES (HVAC)\\REPRÉSENTANT DES VENTES (SECTEUR MUNICIPAL)\\TECHNICIEN SENIOR APPAREILLAGE ELECTRIQUE\\INGENIEUR COMMANDE ET PROTECTION\\REPRÉSENTANT DES VENTES (MONTREAL, SHERBROOKE, QUEBEC) plusieurs postes disponibles \\\\Vos intérêts, votre carrière et vos objectifs personnels sont le gage de notre succès !\\\\please send YOUR CV in total CONFIDENCE at patricia@aconsultant.ca OR visit our website: www.aconsultant.ca",11,,aconsultant.ca
55696d217369642585832800,A&A Asphalt,construction,http://www.aaasphaltok.com,http://www.linkedin.com/company/a&a-asphalt,https://www.facebook.com/AAAsphaltInc,https://twitter.com/AAAsphalt,"P.O. Box 1323, Broken Arrow, Oklahoma 74013, US","A&A Asphalt is a full service construction company. Our services of specialization include, but are not limited to: asphalt paving, earthwork, utilities and cold milling.\\This dedicated company has been a part of the Tulsa community since 1978. It was established by Lester and Patricia Autry, who also was the owner of an asphalt plant called A&A Materials. In 1999 Lester Autry retired and his middle son, Mark Autry, took over A&A Asphalt to continue the family business.\\Experience and integrity are a few qualities A&A Asphalt possess to insure the job is completed with perfection.  A&A Asphalt has completed projects for large corporations such as Warren Theater and Walmart along with numerous residential developments and driveways.\\A&A Asphalt is qualified in multiple ways, such as being a member of Home Builders Association as well as a member of Associated Builders and Contractors of Oklahoma. A&A Asphalt is also bonded and insured.",10,25000000.0,aaasphaltok.com
54a12ac169702d90a2fd6202,A+A Consulting,marketing and advertising,http://www.aaconsulting.com.ec,http://www.linkedin.com/company/a-a-marketing-consulting-edge,,,"Av. República E7-123 y Martín Carrión, Edif. Pucará, oficina 406-407, Quito, Pichincha N/A, EC","'Engineering Lovemarks'\\A+A Consulting es mucho más que una agencia de Marketing Digital, es una consultora integral de comunicación digital. Nuestro equipo está conformado por Consultores Digitales integrales, lo cuál nos permite aportar con valor agregado en cada una de las escalas de los proyectos, desde su análisis, hasta su ejecución. Cada marca tiene su personalidad, target y objetivos; es por esto que nuestras propuestas son diseñadas específicamente para las necesidades de cada marca y cliente. Cada propuesta tiene un aroma único, siempre basados en una estrategia creativa basada en Marketing 3.0.",3,,aaconsulting.com.ec
54a199417468695860a79600,A A A Fence,construction,http://www.aaafenceak.com,http://www.linkedin.com/company/a-a-a-fence,,,"Lawrence, Kansas","A A A Fence is a construction company based out of 1743 E 975th Rd, Lawrence, Kansas, United States.",10,7800000.0,aaafenceak.com
5e57e2559c01df0001631c88,A&A Technologies,information technology and services,http://www.aatech.com.pk,http://www.linkedin.com/company/a-a-technologies,,,"18 km off ferozepur road lahore, Lahore, Punjab 54000, PK","Technical Support Services\\1-Home Networking.\2-E-Mail Services \\ Configuration \\ Backup \\ Repair.\3-Internet Connectivity Solutions.\4-WiFi, Wireless Solutions.\5- Auto Backup Service & Solutions.\6-Software Quality assurance.\7-Misrosoft Windows \\ Microsoft Office.\8-Apple Mac OS \\ Configuration Issue.\9- Windows Trouble shooting.\10-Technical Training & Basic Guide.\11-Software & Applications.\12-Antivirus & System Security Software Solutions.\13-IP Camera Installation & Configuration.\14-CCTV Camera Installation & Configuration.\15-UPS Installation & Configuration.\16-VOIP Exchange Installation, Services and Configuration.\17-Point to Point Connectivity Solutions, Installation and Configuration.\18-File server, Mail Server, Proxy Server, Installation and Configuration.\19-Microsoft Windows, Windows Vista. \20-Windows 7 & 8 Installation & Configuration.\21-Managing LAN & Wan Networking Installation & Configuration.\22-State & Crossover Network Cabling.\23-Ducting & cables clipping. \24-Hardware & Software Troubleshooting.\28-Strong experience of Assembling Computer",11,,aatech.com.pk
55fa2e16f3e5bb7230002cff,A A A Storage,real estate,http://www.aaastorage.com,http://www.linkedin.com/company/a-a-a-storage,,,"Bullhead City, Arizona","A A A Storage is a real estate company based out of 1594 Booster Dr, Bullhead City, Arizona, United States.",0,,aaastorage.com
556992e2736964254fa95d00,A&A Global,financial services,http://www.anaproptrading.com,http://www.linkedin.com/company/a&a-global,,,,We do and offer proprietary trading on US equity market. We work just with strong traders worldwide. We have full line of services and needed solutions especially for experienced traders. \\We can:\1)	Big buying power for intraday trading. As much as you need;\2)	Big overnight buying power. From 1 to 6 till 1 to 20 and more; \3)	Big buying power for pre-market trading like intraday;\4)	Zero commission ;\5)	High payout rate ;\6)	We pay profits right after you finish month. Example: you will receive profit for January right till 5 Febrary;\7)	Sterling Trader Pro.\\\You never see so good and fast service like in our company.\Come here and stay for the years with us!,0,,anaproptrading.com
54a11cb269702d7fe6c7d500,A,food & beverages,http://www.artegran.com.ar,http://www.linkedin.com/company/artegran-s.a.,,,"Ciudad Autónoma de Buenos Aires, Buenos Aires 111111, AR",SIN ACTIVIDAD,3,,artegran.com.ar
556d75677369641261f81701,A&A Studio,legal services,http://www.aeastudio.it,http://www.linkedin.com/company/a&a-studio,,,"Via Passione 8, Milano, Italia 20122, IT","Lo Studio A&A, attivo da anni in Milano, è formato da un gruppo di Dottori Commercialisti e Avvocati specializzati nella consulenza societaria e nel contenzioso bancario.\Lo Studio, si avvale di uno staff di esperti e consulenti al massimo livello professionale iscritti ai relativi Albi e vanta notevoli esperienze nel settore giudiziario, stra-giudiziario, bancario e creditizio oltre che nell'ambito delle procedure concorsuali.\Una particolare attenzione viene riservata dallo Studio per quanto riguarda:\•	Ricostruzioni Contabili e Revisione di Bilanci\•	Controllo di Gestione\•	Ricostruzioni Societarie \•	Valutazione di Aziende e Rami di Aziende\•	Operazioni in tema di Tecnica Bancaria e Finanziaria (Conti corrente - gestioni patrimoniali - bond - anatocismo - usura - ricostruzione Mutui fondiari - analisi rapporti con Banche, SIM, finanziarie)\•	Operazioni di Ristrutturazione Aziendale\•	Consulenza in merito a Operazioni straordinarie\\Nell'ambito della pluriennale esperienza in materie 'contabili', lo Studio ha prestato la propria assistenza, collaborazione ed esperienza nell'ambito di numerose:\•	C.T.U (Consulenze Tecniche d'Ufficio) presso il Tribunale di Milano\•	C.T.P. (Consulenze Tecniche di Parte)\L'esperienza maturata negli anni e la possibilità di avvalersi di esperti collaboratori, consentono allo Studio di operare per la risoluzione delle problematiche dell'apparato Giudiziario (nell'ambito delle relative indagini) nonché delle aziende, professionisti e privati offrendo servizi personalizzati e di altissima qualità.",3,,aeastudio.it
55f8aed6f3e5bb15ef001a83,A&A informática,information technology and services,http://www.ayainformatica.com,http://www.linkedin.com/company/a&a-inform%c3%a1tica,https://www.facebook.com/AyA-Inform%C3%A1tica-162575043814860/,https://twitter.com/AyAInformatica,"Calle los lirios, número 9, Alcorcón, Madrid 28925, ES","A&A confección informática es una empresa especializada en el sector textil, posee más de treinta años de experiencia y se encarga de la  realización de programación a medida para la gestión de todo el proceso productivo textil, desde las tiendas individuales hasta las fábricas.\\Gracias a su logística y su sistema ERP gestiona de manera global cualquier tipo de negocio, sus principales productos son:\\GEST TPV Integrado: es un programa específico de las tiendas de moda, ropa, calzado y  complementos por tallas y colores\\GEST CONF cadenas y franquicias: cubre todas las áreas de distribución, por tallas y colores, y  gestiona de  forma centralizada todos los movimientos realizados desde las TPVs propias o franquicias, gracias a nuestro potente sistema de comunicaciones.\\GEST FÁBRICAS Y MAYOR: es una solución integral que cubre todas las áreas de la cadena de distribución de productos fabricados o importados, forma parte de Gest Solución Textil, junto con sus módulos.\\GLOBAL GEST: un ERP que  Integra todas las áreas de su negocio. Es una plataforma de  gestión empresarial específica del sector textil y calzado que cubre toda las áreas, optimiza sus recursos simplificando procesos de forma eficiente.",7,,ayainformatica.com
556d8ca87369641271092e01,A A Wok,research,http://www.aawokdayton.com,http://www.linkedin.com/company/a-a-wok,,,"601 6Th Ave, Dayton, KY 41074, US","View AA Wok menu, Order Chinese Food Delivery Catering Online from AA Wok, Best Chinese Delivery Catering in Dayton, KY.",0,,aawokdayton.com
5e564c8357498900013182c2,A. A. Locam,civil engineering,http://www.aalocam.com.br,http://www.linkedin.com/company/a.-a.-locam,,,"Macae, Rio De Janeiro","A. A. Locam is a civil engineering company based out of R Tres, 40, Lote 17, Quadra B Loteam. Pq De Tubos, Macae, Rio De Janeiro, Brazil.",0,,aalocam.com.br
5e581b170d084800015fa969,A&A Trans,transportation/trucking/railroad,http://www.aatrans.nl,http://www.linkedin.com/company/a-a-trans,,,"Geldropseweg 11, Heeze, Noord-Brabant 5591, NL","A&A Trans is opgestart in 2007 door vader Ad van Eersel en zoon Arjan van Eersel. \Beide begonnen op 1 vrachtwagen om 24 uur per dag te gaan rijden, \maar inmiddels is het wagenpark uitgegroeid naar 4 auto's, DAF. \Drie daarvan gevolgd door onderlossers en één is breed inzetbaar.\ \Het is een echt familiebedrijf waar nog aan de keukentafel de belangrijkste gesprekken gevoerd worden. \Ze doen dit niet allemaal alleen, maar worden geholpen en ondersteunt door:\Mien van Eersel (vrouw Ad) en Kelsey van Eersel (vrouw Arjan).",3,,aatrans.nl
55f285ccf3e5bb0c12005477,A A A Marketing Inc,marketing and advertising,http://www.aaamarketing.com.au,http://www.linkedin.com/company/a-a-a-marketing-inc,,,"Elkins Park, Pennsylvania","A A A Marketing Inc is a marketing and advertising company based out of 1400 Willow Ave, Elkins Park, Pennsylvania, United States.",12,,aaamarketing.com.au
5592168273696418a5c25f00,A & A Melters,,http://www.aamelters.com,http://www.linkedin.com/company/a-&-a-melters,,,,,3,,aamelters.com
55f249baf3e5bb0b850034a5,A A A Diamonds,military,http://www.aaarings.com,http://www.linkedin.com/company/a-a-a-diamonds,,,"Seattle, Washington","A A A Diamonds is a military company based out of 1425 4th Ave Ste 502, Seattle, Washington, United States.",3,,aaarings.com
59bb9d51a6da982427a48a4a,A & A Accounting,restaurants,http://www.a2accounting.com,,,,"7840 Firestone Blvd, Ste 112, Downey, CA 90241",,0,,a2accounting.com
5da4c9820ca8510001f3e4c0,A+A CONSULTORA,,http://www.aaconsultora.com,http://www.linkedin.com/company/aa-consultora,,,"cura brochero 2800, San antonio de arredondo, cordoba 5153, AR","Somos una consultora con profesionales especializados, que se dedican a crear valor en las empresas ofreciendo los siguientes servicios:\- Selección de personal (Villa Carlos paz y alrededores)\- Asesoramiento laboral\- Asesoramiento impositivo\- Liquidacion de sueldos\- Asesoramiento administrativo\- Desarrollo de procesos y procedimientos\- Relevamiento y control de stock\- Etiquetado de productos\- Digitalización de documentación",1,,aaconsultora.com
55e8a10ff3e5bb1566000648,A A Telecom,telecommunications,http://www.aa-telecom.co.uk,http://www.linkedin.com/company/a-a-telecom,,,"Lake Worth, FL","A A Telecom is a telecommunications company based out of 3644 W Lantana Rd, Lake Worth, FL, United States.",4,,aa-telecom.co.uk
56e609d8f3e5bb6b7a00565a,A & A Labels,printing,http://www.aandalabels.in,http://www.linkedin.com/company/a-&-a-labels,,,"Gurgaon, Haryana","We are leading manufacture and supplier of all kind of wine & liquor labels, Pharmaceutical labels , Agrochemical & Pesticide labels, Lubricant labels,  self Adhesive labels, Industrial labels, Dome labels, Printed labels, PE & PP labels, .\ \Currently we are supplying  to  Cipla, Ranbaxy, Abbott, Akums Drugs & Pharmaceuticals Limited, VLCC Personal Care, Shahnaz Husain, G.D. Foods P. Ltd.(Tops), Sahara q Shop, ADM Agro Industries, Bharat Insecticides, Anu Products Ltd, Vamso Bio-Tech Pvt. Ltd, Kent RO System Ltd. ,Luminous Water Technologies Pvt. Ltd (LIVPURE)., Ruchi Soya Industries, Vodafone, Airtel, Tata dokomo, Aircel, and many more. \\our plant set up:-\\Pre Press:\\In house Designing and plate-making unit\ \Press:-\\Mark Andy 2200L – ""10"" / 8 Color Make 2008\ \Mark Andy 2200 –    ""10"" / 6 Color Make\ \Two Donghai Tower Machine - ""13"" / 6 Color make\ \Multitech printing Machine - ""13"" / 8 Color make\\ \\Lombardi-""17"" / 8 Color Make\ \Demak Dom label Machine (From Italy)\ \Post press:-\\BST- Label Inspection Machine\\Seven Slitting Machine – 48 inch and 24 inch\\Five leafing machine\\Quality Control-  Separate quality control lab\\\Factory area- 22500 Square Feet.",18,,aandalabels.in
56dd893af3e5bb1acd0058d4,A & A Graphics,,http://www.aanda.in,http://www.linkedin.com/company/a-&-a-graphics,,,,A & A Graphics is a company based out of India.,0,,aanda.in
5e57e1f8e983c8000163225e,A&A Designs,construction,http://www.aabimdesigns.com,http://www.linkedin.com/company/a-a-designs,,,,,10,,aabimdesigns.com
556940277369642105451c00,A+A Design,design,http://www.aplusa.co.in,http://www.linkedin.com/company/a-a-design,,,"PUNE, MAHARASHTRA","A design and branding firm started four years ago by Ajinkya Dhumal + Abhishek Kulkarni, A plus A prides itself in not just building brands, but nurturing them to the point of excellence. We explore the potential of the brand in sync with the market; beyond the market. In a manner that will endure. A+A began its unceasing quest towards creativity in January 2011 with a diverse set of client-partners. Our bold brands talk about Attitude.\\They call us A+A.\\TEAM A+A is our; BACHELORS OF IMAGINATION\\Our team consists of young, hi-energy, well-qualified designers from across the country. Different individuals all, each talent unique, but what unites them is a thirst to constantly push the envelope, and set the bar higher. To keep our creative warriors motivated, we encourage them to pursue their hobbies be it illustration, calligraphy, music, painting, photography or sports.\\Every project we handle is a fresh new canvas onto which we unleash our zeal.\\In short, our team is our foremost asset and greatest tool, no matter what the challenge!",5,,aplusa.co.in
56dd56d6f3e5bb1ad10039a1,A&A Architects,architecture & planning,http://www.aaa.bg,http://www.linkedin.com/company/a&a-architects,https://www.facebook.com/AA-Architects-125137780948857/,,"Business Park Sofia, Sofia, Bulgaria 1766, BG","A&A Architects was established in 2005 in Sofia by arch. Assen Milev and arch. Angel Zahariev as an innovative design bureau offering wide range of services of architectural und urban-living design.\\The professional competency of the company includes: design of office, commercial, industrial and residential buildings, as well as urban planning, master planning and consulting.\\In their works A&A Architects aim to create a strong relation between theory and practice, searching for the optimal balance of aesthetics, function, economy and ecology in every particular project. One of the main particularities in their work is the formulation of specific approach to each project, with respect to the local context and theclient's requirements.\The team of A&A is of young ambitious architects with high professional skills and personal motivation. Besides the regular team, the company collaborates with a wide range of professional partners in the fields of property development and management, engineering design, interior design, graphic design and etc.\\Since its foundation the bureau has worked on a number of prestigious projects in Bulgaria for some of the major local developers.\\A&A Architects' ambitions are to strengthen their reputation as a reliable partner for the local and international investors, establishing their image as a creative teamthat leaves specific mark in every architectural work.",17,,aaa.bg
54fca4777369640186552200,A. A. Rental,telecommunications,http://www.aarental.com,http://www.linkedin.com/company/a-a-rental,,,"Springfield, Virginia, United States","Providing audio visual equipment rental and setup services to individuals and corporations. If you are going to have an event where you need 100s of laptops, several projectors, fast-fold screens, plasma, LED and a technician to setup and strike the equipment without a glitch, call us. We will provide you a free professional and courteous consultation. Also check our website for more details.",0,2400000.0,aarental.com
5a9d8f46a6da98d93565ff8d,Friends for brands,marketing and advertising,http://www.friendsagency.com,http://www.linkedin.com/company/friends-for-brands,,,"Schiekade 189, unit 401, Rotterdam, Zuid-Holland 3013BR, NL","Met vrienden kom je verder. Wij maken vrienden voor merken die er volgens ons toe doen. Merken waar je blij van wordt. Merken die het leven mooier maken. Het állerliefst van die merken die echt iets goeds doen voor de wereld.\\Als denkers, designers en ontwikkelaars werken we enthousiast, open en eerlijk met de klant. Samen maken we de meest complexe dingen simpel en zelfs de moeilijkste verhalen begrijpelijk. Zo verbinden we iedereen die je in beweging wilt brengen, zowel intern als extern. Want vrienden maak je door mensen te betrekken.",13,,and-a.nl
54a129e569702d8cfc560a02,"A&A, Ltd.",accounting,http://www.anacpa.net,http://www.linkedin.com/company/alkafaji-&-associates-ltd.,,,"2720 S River Rd # 245, Des Plaines, IL 60018, USA","We are a rapidly growing, full service certified public accounting firm located in Des Plaines, near O'Hare Airport. Founded in 1997, we provide a wide array of services including bookkeeping, tax preparation, compilation of financial reports, and audits to local and internationally-based clients. We specialize in several industries including medical/dental groups and non-profit organizations.",7,,anacpa.net
5d095786a3ae6135507cba9f,a,food production,http://www.asfarholding.com,http://www.linkedin.com/company/arab-supplier-fabrication-and-retail-sdn--bhd,,,"​ Jalan Kapar ,​​, 42200 Klang, selangor, malaysia ​42200, MY","We are an exporter of palm oil products from Malaysia. Exporting to more than 41 major destinations across the globe, such as Africa Countries, CIS Countries, Middle East Countries, Mongolia, South East Asia Countries and etc.\Product:\Cooking oil, Palm Oil\Facility:\Factory for blowing of jerry can to oil filling .\Brand:\HANI, FLORA, MR BIGGY, NATURAL, SUPER HABIB, OURA, ASEEL and many OEM brand.\Packing:\1)Pet Bottle:1L, 1.8L, 2L, 3L,5L\2)HDPE Jerry Can:10L, 16L, 18L,20L, 25L\3)Tin:16L, , 18L\4)Drum:95KG (Plastic Drum)\5)Flexitank:21 MT Flexibag'We supply you good quality RDB Palm Olein and promotes fast delivery'​\Please let me know the quantity, packing size port of discharge ,payment terms to quote\Shall there be any inquiry, please feel free to contact us at any time.",3,,asfarholding.com
57c4be39a6da98369a6cc71d,A&A,management consulting,http://www.askariassociates.ca,http://www.linkedin.com/company/mja-executive-consulting,,,"Charles St E, Toronto, Ontario M4Y, CA","Our Offering in Brief\\​We are business transformation & behavioural change management experts.\\Since 2008 our passionate, dedicated and highly skilled team of professionals have worked alongside public sector leaders to transform their operating models and incentive structure to deliver more efficient services and improved employee and citizen experience.\\We equip managers with best-in-class tools, quantifiable metrics and tested methodology to diagnose opportunities and roadmap execution with particular focus on the people-side of change.​ A well-designed operating model and reward system is the bridge that turns strategy into results. \\Why Partner with Us\\​We work closely with you as partners, customizing our proven approach to your unique needs.\\Our global experience in operating model includes a variety of situations ranging from strategic realignment to cost recovery to shared services offshoring.\\We are a trusted partner of Canada's provincial public sector and are a vendor of record with the Provincial government of Ontario, Education Alberta and the Canadian Federal government.\\We are a boutique firm with a niche service offering and global experience.",12,,askariassociates.ca
5d0a4e52f651257766c55886,A,biotechnology,http://www.apointech.eu,http://www.linkedin.com/company/apointech-s-l-oficial-,,,"CIALE, Villamayor, Salamanca, España 37185, ES","Apointech S.L. es una relevante empresa de servicios e investigación entorno a la Biotecnología médica con un largo bagaje a nuestras espaldas de más de 10 años que ratifican nuestra eficiencia. \\Nuestro personal es un gran equipo altamente cualificado entre los que se cuentan Doctores especializados en investigación biomédica y un Comité Científico compuesto por reputados investigadores en las áreas de biomedicina y química. Gracias a ello, participamos en numerosos proyectos de investigación nacionales e internacionales. \\Trabajamos en base a estrictas normas de calidad, según la norma UNE-EN ISO 9001:2008, que hacen que tengamos un control íntegro en el desarrollo de nuestro trabajo.",1,,apointech.eu
55922b5d736964192c6aa900,A A A Chiropractic,facilities services,http://www.aaachiropracticclinic.com,http://www.linkedin.com/company/a-a-a-chiropractic,,,"West Orange, NJ","A A A Chiropractic is a facilities services company based out of 1339 Pleasant Valley Way, West Orange, NJ, United States.",1,,aaachiropracticclinic.com
5da45291988bdd0001aea4a9,A&A Opleidingen,higher education,http://www.aaopleidingen.nl,http://www.linkedin.com/company/a-a-opleidingen,,,"Wateringweg 141, Haarlem, Noord-Holland 2031 EG , NL","A&A Opleidingen is als geaccrediteerd opleider toonaangevend voor cursussen op het gebied van salarisadministratie en financiële administratie.\\A&A Opleidingen richt zich daarbij ondermeer op het ontwikkelen en realiseren van update cursussen ten behoeve van personen actief in het functiegebied salarisadministratie als wel in het functiegebied bedrijfs- (financiële) administratie. Deze opleiding en functiegebieden zijn onder meer gerelateerd aan de daarop betrekking hebbende examenlijnen bij de Associatie voor Examinering (PDB, MBA, PDL, VPS).\\Voor deelname aan deze op de actualiteit afgestemde update cursussen wordt een deelnamecertificaat afgegeven namens de Associatie voor Examinering en A&A Opleidingen. Door het volgen van deze cursussen worden PE-punten behaald die als voorwaarde gelden om geregistreerd te blijven in respectievelijk het NIRPA-register als wel ten behoeve van het RFM (Register voor Financieel Management).\\Daarmee biedt A&A Opleidingen een maatschappelijk verantwoord uniek product dat het gehele traject van het verkrijgen van actuele kennis, gekoppeld aan een officieel certificaat en mogelijke opname in een register omvat. Bovendien is ten behoeve van kwaliteit en inhoud de Associatie voor Examinering betrokken bij onze opleidingen.\\Het is mogelijk deel te nemen aan deze opleidingen op basis van inschrijving voor de plaatsen Amsterdam, Apeldoorn, Breda, Drachten, Eindhoven, Maastricht, Rotterdam, Utrecht of Zwolle. Daarnaast is het ook mogelijk bij voldoende deelname de opleidingen Inhouse te organiseren.\\A&A Opleidingen is geaccrediteerd door de Stichting Permanente Educatie Nederland/CEDEO voor de verzorging van comptabele opleidingen en door de Stichting Nederlandse Associatie voor Examinering.",1,,aaopleidingen.nl
55f52c52f3e5bb6f1700190c,A G A,insurance,http://www.agaii.com,http://www.linkedin.com/company/a-g-a,,,"1176 N Kentucky St, Kingston, TN 37763, US","A G A is an insurance company based out of 1176 N Kentucky St, Kingston, TN, United States.",7,,agaii.com
54a1292869702d8cfcefa501,A&A Investment,food & beverages,http://www.acquaetrusca.com,http://www.linkedin.com/company/a&a-investment,,,,Production and distribution of beverages,5,,acquaetrusca.com
55f84579f3e5bb0a2e001464,A A A Cleaning Services,consumer services,http://www.aaacleaninginc.com,http://www.linkedin.com/company/a-a-a-cleaning-services,,,"1044 Commercial St Se, Salem, OR 97302, US","A A A Cleaning Services is a consumer services company based out of 1044 Commercial St Se, Salem, OR, United States.",8,,aaacleaninginc.com
54a12ad269702d90a20d6b02,A&A Group,marketing and advertising,http://www.aa-grp.com,http://www.linkedin.com/company/a&a-group,https://www.facebook.com/aagroup,https://www.twitter.com/aagroupnyc,"156 West 56th Street, 3rd Floor, New York, New York 10019, US","Attentive media buying and effective creative production.\\For over 11 years, A&A Group has been orchestrating global marketing campaigns for select clients nationwide. Combining tailored media strategy, impactful creative messaging, exceptional analysis, and results-driven optimization, we expand brands to their full potential. And consistently deliver results at the best ROI possible.\\Our experienced team has cultivated a deep understanding of niche markets and specialized products, and the latest technologies. Unmatched expertise, extensive publisher partnerships and careful strategic analysis combine to create long-lasting client relationships – the key to every successful campaign.\\MEDIA\Media Planning & Buying | Digital Strategy | PPC | Social Media | Mobile | Display | Video | Remarketing | Search Engine Marketing | SEO | Email Marketing | Direct Mail | Print/Outdoor/TV/Radio | Ad Tagging/Trafficking | Data Analytics | ROI Tracking & Reporting\\CREATIVE\Branding | Logo Design | Landing Pages | Websites | E-mails | Print Layouts | Print Resizes | Digital Banners | Social Media Pages | Social Media Ads | Photography | Signage | Video",45,6800000.0,aa-grp.com
59bba003a6da98fc3149e3fe,A&A Development,consumer services,http://www.aadevelopmentinc.com,,,,"18375 Ventura Blvd, Ste 327, Tarzana, CA 91356",,0,,aadevelopmentinc.com
57c5061aa6da986ab6214396,A&A DesignWorks,graphic design,http://www.aadesignworks.com,http://www.linkedin.com/company/a&a-designworks,,,,"A&A DesignWorks focuses on projects ranging from marketing collateral to powerpoint presentations for companies in legal services, healthcare, technology, publication, and non-profit industries. A&A DesignWorks is knowledgeable in the creative process from concept to completion and has experience working with marketing associates and art directors at larger companies and owners of small businesses.",0,,aadesignworks.com
5da12236aa0b100001fb093a,A. A. Constructions,construction,http://www.aa-constructions.com,http://www.linkedin.com/company/a.-a.-constructions,https://www.facebook.com/AAConstructionsNeemuch/,https://twitter.com/aaconstruct_nmh,"Bungalow number 46, 1st Floor,, Salma Markey, Tagore Marg,, Neemuch, Madhya Pradesh 458441, IN","Since its founding, A.A. Constructions has earned its reputation as a builder of landmark, one-of-a-kind structures.A.A. Constructions' success is grounded in the company's dedication to the success of its clients and its people.\\A.A. Constructions is a full-service construction company offering a range of services including: General contracting, Pre-construction services, Construction consulting, Program management, Construction management, Design-build, and Concrete construction.\\We have the ability and resources to self-perform cast-in-place concrete and rebar placement, carpentry, drywall/acoustical ceilings, minor excavation and general conditions.\\A.A. Constructions was founded based on the core values of teamwork, integrity and commitment. Today, The company's reach is global, and our people uphold its founder's vision to provide valuable services to clients.\\A.A. Constructions' insistence on quality of service, hard work, and responsiveness to client needs remains the company credo and has led to its success in a competitive industry.\\A.A. Constructions has become the leading industry exponent of the transformational construction tool and process Building Information Modeling (BIM), with more than $50 billion in BIM project experience.\\A.A. Constructions first made its mark on the industry by pioneering the use of steel-reinforced concrete for general building, which allowed our company to deliver safer, stronger, and more efficient buildings to clients.",5,,aa-constructions.com
55e7cd8df3e5bb0fc7000a6d,A&A Transportation,transportation/trucking/railroad,http://www.aandatransportation.com,http://www.linkedin.com/company/a&a-transportation,,,"965 Piedmont Road, Suite 220, Marietta, Georgia 30066, US","Experienced nationwide 3rd party logistics organization providing exceptional full truck load and air freight transportation in the domestic U.S. Canada, Alaska and Hawaii.",28,,aandatransportation.com
5a9f1ceea6da98d93be78d87,Defence,oil & energy,http://www.ausglobetrade.com.au,http://www.linkedin.com/company/ausglobe-trade-pty-ltd,,,,"AusGlobeTrade, is an Australian General trading Company founded on edge technology Market demands, accompanied by well-organized professional local networks, reinforced with dedicated domestic resources along with convincing market bonds. The Company pursue its goals through innovative representation and sale strategies based on our professional strings with our rich profile market clients. Corporation portfolio extends to four strategic trading areas; Medicals & Dentals, Airport & aviation, Oil; Gas & Petrochemicals along with Power & infrastructure.\Company strong regional market presence in Gulf area countries together with other regions, guarantees robust representation of our cutting edge technology manufacturers to our valued market clients.\AusGlobeTrade, is vigorously involved in European, Scandinavian, Asian, Middle Eastern and Arabian Golf Countries, in addition to Australia and United states.\Our rich-profile manufacturers are from United States, France, Germany, Japan, Switzerland, Norway, Austria & Korea.",140,,ausglobetrade.com.au
5e57331c7c9b6500014c74ac,A&A EVENT,events services,http://www.a-and-a-event.com,http://www.linkedin.com/company/a-a-event,https://facebook.com/aandaeventparis,,"rue de Lyon , Paris, Île-de-France 75012, FR","A&A EVENT is an agency, specialised in the organisation of private and business events in Paris.",2,,a-and-a-event.com
54a128ea69702d90a2ea7901,A+A communication,public relations and communications,http://www.aplusa.be,http://www.linkedin.com/company/a-a-communication,,,"Tuinwijklaan 9, Ghent, BE","translation, communication",2,,aplusa.be
54a13c5469702d04868de001,Mergenthaler Transfer and Storage,transportation/trucking/railroad,http://www.mergenthaler.net,http://www.linkedin.com/company/mergenthaler-transfer-and-storage,https://www.facebook.com/mergenthalertransfer,https://www.twitter.com/mergenthaler2,"1414 North Montana Ave, Helena, MT 59601, US","Founded in 1933, Mergenthaler Transfer currently has three divisions.  Household Goods Moving and Storage / United Van Lines Agent.  MTS Freight LTL Carrier and Special Contracts Division which handles specialized high value cargo - primarly in the telecomunications industry.",71,75000000.0,aamovinginc.com
54a12b2a69702d9548fd6702,A&A Biotechnology,biotechnology,http://www.aabiot.com,http://www.linkedin.com/company/a&a-biotechnology,https://www.facebook.com/aabiotechnology/,,"Al. Zwyciestwa 96/98, Gdynia, Pomorskie 81-451, PL","\A&A Biotechnology is a Polish company that develops and produces innovative tools for the life science industry. The company has it's own research laboratories and production facilities. \\A&A Biotechnology offer includes DNA and RNA isolation kits, PCR and reverse transcription reagents, cloning and transformation reagents, molecular biology reagents and services.\\The company also have facilities able to produce high volume of molecular biology - grade enzymes including: Proteinase K, Mutanolysin, Lysostaphin, Lyticase.\\A&A Biotechnology products and services are mainly used by scientific and diagnostic laboratories at: universities, research institutes, veterinary laboratories, health services, laboratories for environmental analyzes, forensic laboratories and other life science companies.\\In addition, as a specialist life science company with its own R&D and production department, we are able to tailor our products and solutions to meet client's individual needs.\\\Website:\www.shop-aabiot.home.pl\\Ordering\www.shop-aabiot.home.pl\e-mail: orders@aabiot.com\phone: +48 58 698 21 94",5,,aabiot.com
5d35e481a3ae614e87252f35,A,computer games,http://www.acute-games.com,http://www.linkedin.com/company/acutegames,https://www.facebook.com/acutegamesoffice/,https://twitter.com/acute_games,"24, Rue Armagnac, Carcassonne, Occitanie 11000, FR",Our goal: Expand Urban Rivals franchise,13,7000000.0,acute-games.com
59bba085a6da981335c83f9e,A&A Painting,consumer services,http://www.aapainting.us,,https://www.facebook.com/aapaintingwa,,"5216 Grove St, Unit B, Marysville, WA 98270",,0,,aapainting.us
54a1a4a174686949e74c4704,A & A Maintenance,facilities services,http://www.aamaintenance.com,http://www.linkedin.com/company/a-&-a-maintenance,,https://www.twitter.com/aamaintenance,"965 Midland Ave, Yonkers, NY 10704, USA","A minority owned, privately held facility maintenance company.  Originally founded in 1973, today employes over 5,000 team members in 28 states across the country.  \\A&A Maintenance is a forward thinking company focused on sustainable products and the most efficient procedures.  Currently maintaining over 120 million square feet with a diverse portfolio of clients ranging from Class A office space, healthcare, aviation, education, hospitality, arenas, and municipalities.  \\Servicing both union and non-union facilities.",98,600000000.0,aamaintenance.com
59bbac13a6da98f5ee76d464,A A Podiatry,hospital & health care,http://www.aapodiatry.com,,,,"6355 Walker Ln, Alexandria, VA 22310",,0,,aapodiatry.com
55e150cef3e5bb792c00054a,A,apparel & fashion,http://www.atlast.us,http://www.linkedin.com/company/at-last,,,10018 United States,0000,18,,atlast.us
55ed53e1f3e5bb74c50019f0,A A A Auctioneers,consumer services,http://www.aaaauctioneers.net,http://www.linkedin.com/company/a-a-a-auctioneers,,,"Port Richey, FL","A A A Auctioneers is a consumer services company based out of 8741 Woodcrest Dr, Port Richey, FL, United States.",3,,aaaauctioneers.net
56d754e1f3e5bb62cb0079a7,A & A Realty,real estate,http://www.aarealty.net,http://www.linkedin.com/company/a-&-a-realty,,,,A & A Realty is a real estate company based out of Australia.,19,,aarealty.net
55922c3373696418a5d3ae00,a/a,nonprofit organization management,http://www.aplusa-online.com,http://www.linkedin.com/company/a-a,https://www.facebook.com/AplusAOnline,https://twitter.com/AplusATradeFair,,,37,,aplusa-online.com
5569d8bd73696425e2c7a300,A&A,management consulting,http://www.adincorp.com,http://www.linkedin.com/company/a&a-,,,"20 F Street NW, 700, Washington, DC 20001, US","A&A is a global consultancy delivering unique solutions in the areas of finance, engineering, technology, cyber-security and renewable energy for Federal, state, local, commercial and nonprofit customers.",450,,adincorp.com
55698e85736964255d6f5300,A&A Extensions,construction,http://www.aandaextensions.co.nz,http://www.linkedin.com/company/a&a-extensions,http://www.facebook.com/AandAExtensions,https://twitter.com/aandaextensions,"2 Waynes Place, Auckland, NZ","Alvin and the team at A & A Extensions have a broad range of knowledge in the building and construction industry, so if you have a building project which seems challenging, don't despair! Tell us about it and we will make it happen for you.\\We hand pick our team of qualified carpenters based on their passion for detail, friendliness, professionalism and being able to follow strict schedules. This ensures that you receive highly skilled and passionate builders working on your home.\\We are known as an organisation that is relentlessly striving to achieve the highest standards of workmanship and client experience. We know that at different times in our history we have fallen short of meeting our own high standards (and our client's standards) - but we are always striving to improve and to reach that next level.",1,,aandaextensions.co.nz
54a13ca569702de5b387fa01,A&A Coaching,broadcast media,http://www.artistamundo.com,http://www.linkedin.com/company/a&a-coaching,,,Miami,Etiquette training and coaching for young women,3,,artistamundo.com
5c1eccf880f93e96060f208c,A+A architectes,architecture & planning,http://www.aplusa-architectes.fr,http://www.linkedin.com/company/aplusa-archi,,,"1 bis Villa Guizot, Paris, Paris 75017, FR",Agence d'architecture,12,,aplusa-architectes.fr
5a9ea432a6da98d954ddbb8b,A&A snc,import and export,http://www.aanda.it,http://www.linkedin.com/company/aanda,,,"Salsomaggiore Terme, Parma 43039, IT","A&A is a powerful, diversified multi-line marketing agency and sourcing development company. A&A's goal is to develop and counsel, fairly and professionally, both our clients and the factories we serve. We are committed to using our considerable resources to exceed our quotas with every company we handle. At A&A we are involved both with Import and with Export.\We are proud of the services we offer, our techniques, our people and our style.\We offer world class salesmanship, customer service, professional marketing and sourcing expertise.\Success is not easy. Successful selling is an achievement accomplished through market knowledge combined with strategic planning, strong management and resources, and the dedication of a professional team.\\We reach out to our customers by leveraging our varied network of sales channels as well as by direct sales.\We attach the highest importance to maintaining with all companies we represent excellent relationships based on trust and transparency.\We consider ourselves an extension of their operations on the territory we serve.\\A&A's sales force is unique in that they provide our clients full coverage in all channels of distribution. Our Sales Team has been trained in the art of selling and has the knowledge and experience to assist our accounts in marketing, strategic planning, merchandising, advertising, packaging, inventory planning and product presentation.\\People at A&A have been operating in the market for more than 30 years, growing alongside the developing of the Italian society. Deeply rooted in the country, we take pride in our community, our people, and our privileged and honored relationships with our customers.",3,,aanda.it
54a19fc874686945fa66d302,A&A Manufacturing,plastics,http://www.aamfg.com,http://www.linkedin.com/company/a&a-manufacturing,https://www.facebook.com/AAMFG/,https://twitter.com/aamanufacturing,"3750 W Indian School Rd, Phoenix, AZ 85019, USA","From humble beginnings in the lube bays of an old gas station, A&A Manufacturing has become one of the most distinctive and innovative pool product manufacturers in the world. With a current count of 15 patents and many patents pending, there will be no end to the constant innovation that has built A&A's solid reputation. A&A Manufacturing has and will continue to be at the forefront of pool product technology.",34,,aamfg.com
559210c273696418bcf44900,AAA Pools,information technology and services,http://www.aaapoolsga.com,http://www.linkedin.com/company/aaa-pools,,,"Bradenton, Florida","AAA Pools is an information technology and services company based out of 6405 Addington Pl, Bradenton, Florida, United States.",6,,aaapool.com
54a1a9f474686945faa5e205,A A Sportfishing,fishery,http://www.americananglersportfishing.com,http://www.linkedin.com/company/a-a-sportfishing,,,"1403 Scott St, San Diego, CA 92106, US","A A Sportfishing is a fishery company based out of 1403 Scott St, San Diego, CA, United States.",0,,americananglersportfishing.com
5ed4b3e1ec16510001c746fb,A,computer software,http://www.axir.io,http://www.linkedin.com/company/axir,,,"Singapore, Singapore 239496, SG",Leading Company,0,,axir.io
556d995b73696411e3505901,A & A Strategy,consumer services,http://www.aastrategy.com,http://www.linkedin.com/company/a-&-a-strategy,,,,"A & A Strategy founded in January, 2013 is a consulting firm focused on creating values in specific areas. These areas are selected considering the future shelf-life of the trends - the ones that will stay around.The business principles that we follow are:1.  Integrity - We will deliver what we say, with quality.2.  Value-creation - We guarantee that we add value to your organization.3.  Trust -  We operate on trust and authenticity, build long-term relationships of value. Our clients range from medium sized export-oriented business to start-ups and social ventures. We also consult people in senior management roles.",0,,aastrategy.com
556d543e736964126c78e700,A&A Testing,business supplies and equipment,http://www.a-atesting.com,http://www.linkedin.com/company/a&a-testing,https://www.facebook.com/AATestingLtd/,https://twitter.com/AATestingLtd,"3077 188 St, Surrey, BC V3S 9V5, Canada","A&A Testing Ltd. has been serving its Contracting, Engineering and Municipal clients since 1997\\Over the past ten years, A&A Testing Ltd. has been managed and operated by Mike Jones, a NASSCO certified operator with over 20 years of experience in the Sewer Cleaning and CCTV Inspection industries.\\A&A Testing Ltd. maintains a high level of service and quality by using the latest in CCTV Inspection and Sewer Cleaning equipment. Our equipment includes two CCTV Inspection trucks, two Vactor 2100 Sewer Cleaning trucks, and our Air and Water Pressure Testing truck.",3,,a-atesting.com
559214ec7369641b338b1b00,A,capital markets,http://www.aesculapius.it,http://www.linkedin.com/company/aesculapius-books,,,"Phoenix, Arizona",A,27,,aesculapius.it
556dd16e73696411bcbfa401,A&A Trenching,construction,http://www.aatrenching.ca,http://www.linkedin.com/company/a&a-trenching,,,"5808 - 125 Avenue, Edmonton, Alberta T5H 5W2, CA","A & A Trenching is a great family oriented company. Our work is in Edmonton and surrounding area, so you are home every night.  \\A construction company that brings experience, expertise and integrity to its projects. This combination of excellence gives our customers the security they need so they are free to concentrate on their business concerns. Not only do we respond to the needs of our customers, we also work to help define their needs so that their projects are done more efficiently and economically. Our people bring a high level of commitment to all our projects, whether these projects be large or small.\ \Experience\ \Our experience covers many areas of construction from site services to complete site development, with concentration on the following fields:\ \Sanitary Sewer Lines \Storm Sewer Lines\Road Construction \Water Main Lines\Electrical Services\Gas Services\﻿﻿Earth Moving\Excavation \\Commitment\ \Our philosophy is to concentrate on the task at hand.  This means that the projects we are working on are the most important part of our day.  We give our complete attention to getting the job done well. The trust given to us by our customers requires that we deliver the best service possible.",10,35000000.0,aatrenching.ca
5500c34a736964172c814400,A&A Paving,construction,http://www.aandapaving.com,http://www.linkedin.com/company/a-&-a-paving-contractors-inc,https://www.facebook.com/AandAPaving/,https://twitter.com/AA_Paving,"251 N Garden Ave, Roselle, IL 60172, EE. UU.","""Quality beyond the surface""Built on the principles of honesty and fair dealing, for more than 50 years A and A has been delivering the finest quality pavement at fair prices, using state-of-the-art techniques and highly trained professional crews. Quality Beyond the Surface, as our promise states, means our clients get more than just a good looking surface. The real benefits are consultation, proper planning and installation of quality materials by experienced crews who take pride in their work.Our Mission:We help businesses enhance their image, improve safety and protect their investment through the installation, repair and maintenance of their asphalt pavement and surfaces.",15,,aandapaving.com
59bb9ceaa6da982412f5c968,A & A Painting,consumer services,http://www.aapaintingct.co,,,,"40 Pelham Ln, Wilton, CT 06897",,0,,aapaintingct.co
54a135fb69702d449401fe00,A&A Search,staffing and recruiting,http://www.aandasearch.com,http://www.linkedin.com/company/a&a-search,https://www.facebook.com/aa-search-and-clinlab-staffing-466751823444008,https://www.twitter.com/aasearchstaff,"4 Merrill Industrial Dr #218, Hampton, NH 03842, EE. UU.","A&A Search Staffing is driven – just as hard as you are – to deliver effective, efficient and successful results.Since 2002, we've built our industry-leading IT recruitment philosophy on providing superior candidates who hit the ground running.- Immediate contributors in entry- to C-level IT, software/hardware engineering and QA, and tech support - Specialized financial software developers and QA experts - Contract, contract-to-permanent and contingency-based/direct hire options - Serving clients in New EnglandWe're committed to providing staffing and recruiting solutions that are tailored to your company, specific industry, and culture…all to meet your staffing expectations.",29,6000000.0,aandasearch.com
5a9ce3f3a6da98d9a1559447,A&A Furnishing,textiles,http://www.aafpl.com,http://www.linkedin.com/company/a&a-furnishing,https://www.facebook.com/AA-Furnishing-459681270892983/,https://twitter.com/AAFurnishing,"Shivaji Vihar, Shivaji Enclave, Rajouri Garden, New Delhi, Delhi 110027, IN","A&A Furnishing is a one stop furnishing destination. \We have an extensive range of Indian & Imported fabrics for curtain and upholstery. We have got a close association with professionals like architects & interior designers across PAN India. \We have an in-house manufacturing unit for curtain stitching, fabrication etc. We offer end-to-end solution for all kind of window dressing and designing.",3,,aafpl.com
59bba2a4a6da989c5b50902b,A & A Mattress,retail,http://www.aamattress.com,,,,"21 Southdale Road E, London, ON N6C 6B4, Canada",,0,,aamattress.com
55edbad5f3e5bb16ec0075ba,A A A Moving Company,logistics and supply chain,http://www.aaa-moving.com,http://www.linkedin.com/company/a-a-a-moving-company,,,"Plano, Texas","A A A Moving Company is a logistics and supply chain company based out of 5000 Whitestone Ln # 1314, Plano, Texas, United States.",0,,aaa-moving.com
5d0aa0b1f65125ddf1745c73,"Dynatect Manufacturing, Inc. (formerly A&A Manufacturing)",mechanical or industrial engineering,http://www.dynatect.com,http://www.linkedin.com/company/dynatect,https://www.facebook.com/dynatect/,https://twitter.com/dynatect,"2300 S Calhoun Rd, New Berlin, WI 53151, US","Dynatect designs and manufactures protective devices for equipment and people. No matter what your situation is, you can expect us to understand what you are trying to accomplish. Over 98% of our new designs meet application standards on the very first production piece.Simply put: with Dynatect, you get what you need, when you need it. Find your functional solution, partner with Dynatect.",110,37500000.0,aaman.com
59bb9d54a6da98244bf6af85,A & A Flooring,consumer services,http://www.aafloors.biz,,,,"2528 E Lincolnway, Sterling, IL 61081",,0,,aafloors.biz
55ea824bf3e5bb6da20007c4,A&A Construction,,http://www.aaconstructionatl.com,http://www.linkedin.com/company/a&a-construction,,,,,11,,aaconstructionatl.com
59bba62ea6da989b3701b4e0,A&A Windshield,automotive,http://www.aawindshield.com,,,,,,0,,aawindshield.com
59bb9e53a6da982435fa1a6a,A A A Party Rentals,events services,http://www.aaapartyrent.com,,https://www.facebook.com/AAA-Party-Rentals-455178944561919/,,"1001 Stewart Ave, Garden City, NY 11530",,0,,aaapartyrent.com
5e5b8142e5492b00015f7c9f,A&A Material,railroad manufacture,http://www.aa-material.co.jp,,,,"Tsurumi, Kanagawa, Japan",A&A Material is a construction materials manufacturer company.,0,,aa-material.co.jp
55696f40736964257d7a2c00,A & A Inc,international trade and development,http://www.aaincs.com,http://www.linkedin.com/company/a-&-a-inc,,,"505 Vishwadeep Tower, District Center Janakpuri, New Delhi, New Delhi 110058, IN","AAI is a Global Technical Trading & Service Company, established in 2003 with experienced team of Engineers & Technocrats working for betterment of business in Medical, Industrial, Infrastructure, Power and Steel Industry",6,,aaincs.com
5592168273696418a5c25f00,A & A Melters,,http://www.aamelters.com,http://www.linkedin.com/company/a-&-a-melters,,,,,3,,aamelters.com
556de63d736964121750c201,A&A COMMERCIUM,mining & metals,http://www.aacommercium.com,http://www.linkedin.com/company/a&a-commercium,,,"34 South Molton Street, London, GB","A&A COMMERCIUM we are group of companies providing procurement and business services. We have been also actively involved in the physical trading and supply of metals globally, this include precious and non-ferrous metals.\\A&A Commercium offer you the best service and the most competitive foreign currency exchange rates available today. With years of experience providing financial solutions we have developed an innovative range of products and currency transfer services that can help to minimise your foreign exchange risks and take the hassle out of international payments.",1,,aacommercium.com
5592143273696418e9d85500,A,executive office,http://www.altitudere.com.au,http://www.linkedin.com/company/altitude-real-estate,,,"6/8 Alvan St, Perth WA 6008, Australia",Check out our website!,13,,altitudere.com.au
54a1340869702d3170191f00,A Bet A,computer software,http://www.abeta.co.uk,http://www.linkedin.com/company/a-bet-a-technology-ltd-,,,"The Annex, Technology House, Station Road, Alton, Hampshire GU34 2PZ, GB","A Bet A is a leading supplier of betting systems in the UK, Ireland, and Worldwide.\\We supply Retail/EPOS, Call Centre, and Online Bookmaking operations.\\Founded in 1990, as a specialist provider of betting transactional systems, A Bet A are innovative, forward looking, and responsive to customer needs and industry developments; always providing new functionality to keep the Bookmaker ahead of the game.\\A Bet A services a worldwide customer base, providing robust, reliable, and cost effective leading edge products.\\Once you become an A Bet A customer you receive ongoing support: we help you to get the best from your product, providing help, advice, problem solving, and system upgrades.\\A Bet A products help the Bookmaker cut operating costs, and improve trading margins. Whether you are a small operator, or a large chain, A Bet A solutions can make you more profitable.",6,,abeta.co.uk
55f954b4f3e5bb566a003f0c,A A Team,information technology and services,http://www.aa-team.com,http://www.linkedin.com/company/a-a-team,https://www.facebook.com/aateamelite/,,"Green Bay, WI","A A Team is an information technology and services company based out of PO Box 10071, Green Bay, WI, United States.",0,,aa-team.com
57c4f7f6a6da986ac743fcbf,A A America,automotive,http://www.a-america.com,http://www.linkedin.com/company/a-a-america,,,"Glen Burnie, MD","A A America is an automotive company based out of 7060 Aviation Blvd, Glen Burnie, MD, United States.",4,9800000.0,a-america.com
55f7f4d7f3e5bb180e003033,A A Siding,military,http://www.aasidexside.com,http://www.linkedin.com/company/a-a-siding,https://www.facebook.com/aasidexsideconstruction/,https://twitter.com/aasidexside,"Paragould, Arkansas","A A Siding is a military company based out of 3193 E Greene Cty Rd, Paragould, Arkansas, United States.",0,2400000.0,aasidexside.com
59bb9c3ea6da9824ad248354,A. A. Electric,consumer services,http://www.aaelectricri.com,,,,"3897 Old Post Rd, Charlestown, RI 02813",,0,,aaelectricri.com
54a129cb69702dc841188401,a,marketing and advertising,http://www.anchofreelance.co.uk,http://www.linkedin.com/company/ancho-freelance,,,"Alta Ave, Mountain View, California 94043, US",a,0,,anchofreelance.co.uk
59bb9d51a6da982427a48a4a,A & A Accounting,restaurants,http://www.a2accounting.com,,,,"7840 Firestone Blvd, Ste 112, Downey, CA 90241",,0,,a2accounting.com
5da44e19f09b16000130942d,A A ELECTRIC,consumer services,http://www.aaelectric.com,http://www.linkedin.com/company/a-a-electric,https://www.facebook.com/AAELECTRICCO/,https://mobile.twitter.com/aguilerappeter,"8608 FM 1690, LAMPASAS, Texas 76550, US","A A ELECTRIC is a company based out of 8608 FM 1690, LAMPASAS, Texas, United States.",2,,aaelectric.com
556db2f073696411e3427f01,A A Engineering,mechanical or industrial engineering,http://www.aaengineering.ie,http://www.linkedin.com/company/a-a-engineering,,,"Boca Raton, Florida","We specialize in a wide variety of steel fabrication and workshop services to suit any design or specification. We supply products, manufactured from various materials, such as Stainless Steel, Mild Steel, Aluminum and Bronze.",5,,aaengineering.ie
5500ca947369641754376900,A&A Creative,marketing and advertising,http://www.aandacreative.com,http://www.linkedin.com/company/a&a-creative,,,,"A&A Creative specializes in helping your company succeed in the creative world. If you're looking for video production services, graphic design services, printing services or creative consulting; you've come to the right place. It's time to get started...\\It's time to Get Creative!",6,,aandacreative.com
5da4a274ea9a2b0001cbe52c,A,computer software,http://www.angat.ph,http://www.linkedin.com/company/uninovus,,,"Singapore, Singapore 068737, SG","Angat builds high-performing, distributed engineering teams with the\Philippines' most talented Software Developers\\Our goal is to build the next generation of Filipino tech leaders by recruiting the most talented engineers and shaping them into world-class technologists through our ecosystem of global partners, talent acceleration and tech community.\\Developers at Angat become fully integrated members of the distributed engineering teams of our partners, getting to experience first-hand the cutting edge technologies being developed at top tech firms and hyper-growth start-ups.",1,,angat.ph
556dc2c0736964124f728c01,A,retail,http://www.ahmchicagowest.com,http://www.linkedin.com/company/american-heritage-motorcycles-chicago-west,,,"2821 Bishop Rd., Willoughby Hills, Ohio 44092, US",,8,,ahmchicagowest.com
5e55bd94e31ebf0001c30fdc,A & A Logistik,,http://www.aa-logistik.de,http://www.linkedin.com/company/a-&-a-logistik,,,"43 Magdeburger Chaussee, Halle, DE","Willkommen bei A & A Logistik, der Fullservice-Spezialistin für Logistik-Lösungen im Food- und Nonfoodbereich.",6,,aa-logistik.de
55e17a0af3e5bb50b60005a7,A ,electrical/electronic manufacturing,http://www.apmsales.co.uk,http://www.linkedin.com/company/a-p-machinery,,,,Used electronic manufacturing (PCB) equipment bought and sold. \Specialist in bareboard equipment.\Brokerage service available on commission basis.\Auctions and factory clearance.\Machinery moves and transportation arranged.\Equipment finance also arranged.,0,,apmsales.co.uk
57c4a640a6da982ca50a0b60,A A Repair,restaurants,http://www.aa-repairs.com,http://www.linkedin.com/company/a-a-repair,,,"Houston, Texas","A A Repair is a restaurants company based out of 11514 Endicott Ln, Houston, Texas, United States.",2,,aa-repairs.com
59bb9c46a6da982458a5e3b8,A-A-A Pregnancy Options,nonprofit organization management,http://www.aaapregnancyoptions.org,,,,"35 E Willow St, Massapequa, NY 11758",,0,,aaapregnancyoptions.org
54a12add69702d9b8bb25402,A&A Multiprime,legal services,http://www.aamultiprime.com,http://www.linkedin.com/company/a&a-multiprime,,,,"A&A Multiprime acts as Correspondent to the world's most important marine insurers and as a leading Colombian boutique law firm with a strong maritime, shipping and commercial law practice. We Advice & Assist our clients to minimize risks and maximize business results, delivering timely and cost-effective solutions.",5,,aamultiprime.com
59bbaa8ea6da98f95d170eac,A & A Cleaners,consumer services,http://www.aadrycleanersnh.com,,,,"1019 Hanover St, Manchester, NH 03104",,0,,aadrycleanersnh.com
59bba184a6da985042aab2af,A & A Glass,consumer services,http://www.aaglassco.com,,,,"2300 Dallas St, Aurora, CO 80010",,0,,aaglassco.com
59bbaba1a6da98f95d1719f0,A & A Locksmith,consumer services,http://www.aalocksmithlafayette.com,,,,"247 N College Rd, Lafayette, LA 70506",,0,,aalocksmithlafayette.com
5a9ea432a6da98d954ddbb8b,A&A snc,import and export,http://www.aanda.it,http://www.linkedin.com/company/aanda,,,"Salsomaggiore Terme, Parma 43039, IT","A&A is a powerful, diversified multi-line marketing agency and sourcing development company. A&A's goal is to develop and counsel, fairly and professionally, both our clients and the factories we serve. We are committed to using our considerable resources to exceed our quotas with every company we handle. At A&A we are involved both with Import and with Export.\We are proud of the services we offer, our techniques, our people and our style.\We offer world class salesmanship, customer service, professional marketing and sourcing expertise.\Success is not easy. Successful selling is an achievement accomplished through market knowledge combined with strategic planning, strong management and resources, and the dedication of a professional team.\\We reach out to our customers by leveraging our varied network of sales channels as well as by direct sales.\We attach the highest importance to maintaining with all companies we represent excellent relationships based on trust and transparency.\We consider ourselves an extension of their operations on the territory we serve.\\A&A's sales force is unique in that they provide our clients full coverage in all channels of distribution. Our Sales Team has been trained in the art of selling and has the knowledge and experience to assist our accounts in marketing, strategic planning, merchandising, advertising, packaging, inventory planning and product presentation.\\People at A&A have been operating in the market for more than 30 years, growing alongside the developing of the Italian society. Deeply rooted in the country, we take pride in our community, our people, and our privileged and honored relationships with our customers.",3,,aanda.it
54a1b3447468695c82ea0c09,A&A Management,entertainment,http://www.a-and-a.ae,http://www.linkedin.com/company/a&a-management,,,,"A&A Management the first and exclusive DJ AGENCY in Dubai.\\A&A Management exclusively represents all artists listed on www.a-and-a.ae website for live music bookings in the UAE & Qatar.\As the music industry is alive, A&A Management Roster is changing every month !\\Our artists are most International DJs.\\Please contact us (aurelien@a-and-a.ae) if you are interested in booking any of the Djs on our roster.",6,,a-and-a.ae
55ea55b4f3e5bb58ec00318b,A A A Glass Co,real estate,http://www.aaaglasskc.com,http://www.linkedin.com/company/a-a-a-glass-co,,,"Dublin, California","A A A Glass Co is a real estate company based out of 7046 Village Pkwy, Dublin, California, United States.",0,,aaaglasskc.com
54a11da369702d918c651701,A & A Consulting,human resources,http://www.aacons.in,http://www.linkedin.com/company/a-&-a-consulting,,,,"We are a Leading and one of the Fastest Growing Recruitment Consultancy.We have been providing staffing solutions to well-known organizations PAN India.We understand the value of a right ""HIRE"" in totality and is motivated towards at giving you the best candidates suited for the right place and the right time with a team of highly trained & experienced recruitment professionals. We ensure a rigorous screening of candidates at our end as per the job description shared by you to deliver the unmatched and only the best resumes.A & A Consulting takes pride in building long-term client relationships and providing quality staffing solutions with emphasis on integrity and confidentiality. Our team of dedicated and committed Human Resource professionals assist candidates and organizations with employment solutions. Our extensive database provides us with a competitive advantage. We meet our clients' needs precisely, promptly and cost-effectively. We open a vista of career opportunities for candidates to grow and realize their ambitions A & A Consulting  has been in the forefront of providing staffing solutions in diverse industrial sectors like Information Technology (I.T.), Business Process Outsourcing (BPO), Banking Financial Services and Insurance (BFSI), Marketing,Retail etc. Our approach is flexible , comprehensive and competitive.",6,,aacons.in
54a12ad469702dcef9ca4a02,A,airlines/aviation,http://www.apptimation.com,http://www.linkedin.com/company/apptimation,,,"R, FL, US",,0,,apptimation.com
59bba722a6da98187a9a570e,A&A Tires,automotive,http://www.aatirecompany.com,,,,"4099 N Valley Pike, Harrisonburg, VA 22802",,0,,aatirecompany.com
54a1360069702d3cbbcb1b01,A,shipbuilding,http://www.azstonenv.com,http://www.linkedin.com/company/arizona-stone-&-architectural-products-nevada,,,"5790 Wynn Rd., Suite 1, Las Vegas, NV 89118, US",,14,,azstonenv.com
54a11f2d69702d8aa1cea101,A&A Adviespartners,financial services,http://www.adviespartners.nl,http://www.linkedin.com/company/a&a-adviespartners,https://www.facebook.com/pages/AA-Adviespartners-BV/358556750831190,https://twitter.com/AenAadvies,,,6,,adviespartners.nl
54a11d5b69702d97c1b31201,A&A Photography,photography,http://www.a-a-photography.com,http://www.linkedin.com/company/a&a-photography,,,"9692 W Coco Cir, Ste 202, Littleton, CO 80128","Andy & I are a husband and wife photography team here in Colorado. We are celebrating our 5 year wedding anniversary this year but we have been together since senior year of high school. We are both Colorado natives; we went to Columbine High School and CSU. We both love photography and have a passion for the images that are created at a wedding. We love shooting together because we usually know what each other is thinking and can compliment it. We also have a studio where we do portraits of kids, seniors and families; the variety of photography has definitely helped us become who we are today in our wedding photography! We have also grown a lot through teaching at our local community college and WPPI in Las Vegas. Outside of our business we both love to travel, go out to eat, hang out with friends, watch movies, camp/fish and play with our dog!",9,,a-a-photography.com
55efeae4f3e5bb6866003804,A,"leisure, travel & tourism",http://www.amitaba.net,http://www.linkedin.com/company/amitaba,https://www.facebook.com/amitaba.net,,"Piazza Aquileia 8, Milan, Italy 20100, IT","Amitaba é un Tour Operator italiano. La nostra attività si basa su un'approfondita conoscenza delle culture extraeuropee, motivata dal desiderio di incontrare popolazioni lontane dalla civiltà post industriale e di muoversi negli spazi dove queste vivono quali: l'India, l'intero arco dell'Himalaia e il Karakorum, l'Altopiano Tibetano, la Mongolia , il deserto del Sahara e il Medio Oriente, fino al sud est dell'Asia, Africa, Patagonia, Ande, Nordamerica e zone Artiche... Decenni di viaggi arricchiti da studi specifici e incontri, unitamente all'approfondimento di contatti locali, hanno favorito la nostra specializzazione come operatori particolarmente preparati.Non ""commerciamo"" viaggi: tutti i percorsi che proponiamo sono il frutto di un attento studio e favoriscono un'esperienza completa, uno stacco dalla quotidianità che possa consentire un'osservazione anche interiore, volta ad ottenere un arricchimento personale. Amitaba mette a disposizione degli amici viaggiatori la propria esperienza per organizzare viaggi individuali o per gruppi autonomi in particolare nei paesi asiatici del Bhutan, Birmania, Cambogia, India, Indonesia, Laos, Mongolia, Nepal e Tibet, per il Medio Oriente in Giordania e Iran e nel deserto dell'Egitto.Amitaba è attiva nel sostenere e valorizzare il patrimonio culturale nell'Himalaia dell'India, in Mongolia e nella regione dell'Amdo in Tibet.",2,,amitaba.net
55923fca7369643bdd9b9700,A A Steel,chemicals,http://www.aasteelfab.com,http://www.linkedin.com/company/a-a-steel,,,"Compton, California","A A Steel is a chemicals company based out of 707 E Greenleaf Blvd, Compton, California, United States.",6,,aasteelfab.com
55ed76d9f3e5bb489700194c,A A Communications,internet,http://www.a-acommunications.com,http://www.linkedin.com/company/a-a-communications,,,"Shreveport, Louisiana","A A Communications is an internet company based out of 939 Elmwood St, Shreveport, Louisiana, United States.",0,,a-acommunications.com
5e57eaedb1d5f800019f25d9,A&A Medical,hospital & health care,http://www.aamedcourier.com,http://www.linkedin.com/company/aamedicalcourier,https://www.facebook.com/aamedicalcourier,https://twitter.com/aamedcourier,"21502 W 100th Terrace, Lenexa, Kansas 66220, US","A&A Medical is a Courier and Deliver Service that specializes in Medical Equipment and Supplies.  We Deliver to Hospitals, Surgery Centers and Medical Facilities in Kansas and Missouri",9,,aamedcourier.com
5da6db98002c290001a62647,A&A Partners,information technology and services,http://www.aa-partners.com,http://www.linkedin.com/company/a&a-partners,,,,"A&A Partners, société par actions simplifiées au capital de 1.000.000 d'euros,\immatriculée au registre du commerce et des sociétés de Lille sous le numéro 488 454 299 \\A&A Partners propose des solutions techniques et des services d'accompagnement pour l'ensemble des acteurs du monde culturel et du marché de l'art",20,,aa-partners.com
56dd6490f3e5bb1ad9004043,a,facilities services,http://www.avanzaservice.cl,http://www.linkedin.com/company/avanza-service,,,"Almaden Expy, San José, California, CL",,0,,avanzaservice.cl
59bba2a1a6da9824961e4e22,A&A Electric,consumer services,http://www.anaelectric.com,,,,"9702 Densmore Ave N, Seattle, WA 98103",,0,,anaelectric.com
55f7f0edf3e5bb12140003e9,A A Staffing,staffing and recruiting,http://www.aastaffing.com,http://www.linkedin.com/company/a-a-staffing,,,"Atlanta, Georgia","A A Staffing is a staffing and recruiting company based out of 1200 Ashwood Pkwy, Atlanta, Georgia, United States.",0,,aastaffing.com
59d58544a6da98d74db4af60,A&A Thriftique,retail,http://www.anubisandathena.com,,,,Plum,"This company will be an upscale thrift shop that still caters to everyday people looking for great deals. We will follow the business profile outlined, and offer something for everyone, from high end antiques and art, to middle of the road clothing and accessories at great prices. In tough economic times people turn to thrift shops to help reduce their expenditures and alleviate financial burden. The upside here is slightly used secondhand items often times are of better quality than the newer big box store items and only a fraction of the cost. Our business plan shows clear financial gains within the first year, and profit margin increases over the next 3-5 years. Thrift stores cater to parents looking for deals, older people who can't afford new, and even antique dealers looking for a great price for a resale item. Over 20 percent of Americans currently shop at thrift stores, with another 30 or so shopping at antiques stores, combining the two would give us a bigger audience.",0,,anubisandathena.com
559214f9736964186f3b5a00,A,transportation/trucking/railroad,http://www.africaflightservices.aero,http://www.linkedin.com/company/africa-flight-services,,,"Warehouse 14-17 Foreign Airlines Cargo Terminal, O.R Tambo International Airport, Kempton Park, Gauteng 1106, ZA",.,65,,africaflightservices.aero
54a1358969702d36c98edf00,A,management consulting,http://www.agorasc.be,http://www.linkedin.com/company/agora-strategy-consultants,,,,consulting……………………………………………………………………………………………………………..…………………………………………………………………………………………………………………………………………………………………………………………...,0,,agorasc.be
54fca2937369647e845e1000,A A A Realty Inc,real estate,http://www.aaarealty.com,http://www.linkedin.com/company/a-a-a-realty-inc,,,"Camden, New Jersey","A A A Realty Inc is a real estate company based out of 117 N 4th St, Camden, New Jersey, United States.",4,,aaarealty.com
59bba7a3a6da9821a2c8659e,A & A Haircare,cosmetics,http://www.aandahaircare.com,,https://www.facebook.com/Anthony2HairStudioSpa,https://twitter.com/aandahaircare,"6749 Fallbrook Ave, Suites 114 & 118, West Hills, CA 91307",,0,,aandahaircare.com
